/home/ubuntu/data/faces/videos/vydpnxshqy_face.mp4	1
/home/ubuntu/data/faces/videos/tftvimylrn_face.mp4	0
/home/ubuntu/data/faces/videos/vakcnljnpc_face.mp4	0
/home/ubuntu/data/faces/videos/uzhbwfpoqz_face.mp4	0
/home/ubuntu/data/faces/videos/iawjzttxsa_face.mp4	1
/home/ubuntu/data/faces/videos/idfvqexswv_face.mp4	0
/home/ubuntu/data/faces/videos/slfwxkmdgo_face.mp4	0
/home/ubuntu/data/faces/videos/rdwavfndgq_face.mp4	0
/home/ubuntu/data/faces/videos/lsjltvlpuk_face.mp4	1
/home/ubuntu/data/faces/videos/ssxxpkjhlc_face.mp4	1
/home/ubuntu/data/faces/videos/rnjerxavww_face.mp4	0
/home/ubuntu/data/faces/videos/eybvalvwfq_face.mp4	1
/home/ubuntu/data/faces/videos/ouvlzfmqsz_face.mp4	0
/home/ubuntu/data/faces/videos/mocjxxscfy_face.mp4	1
/home/ubuntu/data/faces/videos/dxdboiwhoo_face.mp4	0
/home/ubuntu/data/faces/videos/auprjrkwqd_face.mp4	1
/home/ubuntu/data/faces/videos/khzgjlgsuk_face.mp4	1
/home/ubuntu/data/faces/videos/ochicrfxew_face.mp4	0
/home/ubuntu/data/faces/videos/gvwsgyexpl_face.mp4	0
/home/ubuntu/data/faces/videos/thekddwmqt_face.mp4	1
/home/ubuntu/data/faces/videos/vdpnyzxccm_face.mp4	1
/home/ubuntu/data/faces/videos/pykjeuufie_face.mp4	0
/home/ubuntu/data/faces/videos/ieycmlnprv_face.mp4	0
/home/ubuntu/data/faces/videos/sifoppndtt_face.mp4	1
/home/ubuntu/data/faces/videos/gwmlawcreb_face.mp4	0
/home/ubuntu/data/faces/videos/cvznehgagq_face.mp4	0
/home/ubuntu/data/faces/videos/tgcgughqjf_face.mp4	0
/home/ubuntu/data/faces/videos/jocmseacvk_face.mp4	1
/home/ubuntu/data/faces/videos/owpuvhkeun_face.mp4	1
/home/ubuntu/data/faces/videos/tzablgewui_face.mp4	0
/home/ubuntu/data/faces/videos/tdhjquktbo_face.mp4	1
/home/ubuntu/data/faces/videos/wpspflzkhq_face.mp4	1
/home/ubuntu/data/faces/videos/aikmehbtbm_face.mp4	0
/home/ubuntu/data/faces/videos/zozjzdrvtp_face.mp4	0
/home/ubuntu/data/faces/videos/iwladlmomt_face.mp4	1
/home/ubuntu/data/faces/videos/fvcxtymazh_face.mp4	0
/home/ubuntu/data/faces/videos/brlraaempq_face.mp4	0
/home/ubuntu/data/faces/videos/rpfkoavwmf_face.mp4	1
/home/ubuntu/data/faces/videos/auubycdueq_face.mp4	0
/home/ubuntu/data/faces/videos/fagdrfcvcf_face.mp4	1
/home/ubuntu/data/faces/videos/fwekcrqdak_face.mp4	0
/home/ubuntu/data/faces/videos/dasefuclrs_face.mp4	0
/home/ubuntu/data/faces/videos/rzrmfxvxdw_face.mp4	1
/home/ubuntu/data/faces/videos/gbvravevjt_face.mp4	0
/home/ubuntu/data/faces/videos/phwzmrhumf_face.mp4	1
/home/ubuntu/data/faces/videos/bgycggxsky_face.mp4	0
/home/ubuntu/data/faces/videos/owkrfyfxpw_face.mp4	0
/home/ubuntu/data/faces/videos/bmlfuxhzck_face.mp4	1
/home/ubuntu/data/faces/videos/arjvscherh_face.mp4	1
/home/ubuntu/data/faces/videos/jmqmljznhv_face.mp4	0
/home/ubuntu/data/faces/videos/cbxaeqakvz_face.mp4	0
/home/ubuntu/data/faces/videos/qysmkypwcf_face.mp4	1
/home/ubuntu/data/faces/videos/uztttikeuj_face.mp4	0
/home/ubuntu/data/faces/videos/mmqgopsczd_face.mp4	0
/home/ubuntu/data/faces/videos/uzzcrwkbin_face.mp4	1
/home/ubuntu/data/faces/videos/qwdktilbrk_face.mp4	0
/home/ubuntu/data/faces/videos/xadgpwdplh_face.mp4	1
/home/ubuntu/data/faces/videos/yedwuxtupt_face.mp4	1
/home/ubuntu/data/faces/videos/dpioueayis_face.mp4	1
/home/ubuntu/data/faces/videos/ztansuiscw_face.mp4	1
/home/ubuntu/data/faces/videos/pkgrxcumnm_face.mp4	0
/home/ubuntu/data/faces/videos/rpaopzzxgh_face.mp4	1
/home/ubuntu/data/faces/videos/gplgurohus_face.mp4	0
/home/ubuntu/data/faces/videos/fgxotqcyqh_face.mp4	0
/home/ubuntu/data/faces/videos/sorlojolvz_face.mp4	0
/home/ubuntu/data/faces/videos/qdzadbpiod_face.mp4	0
/home/ubuntu/data/faces/videos/svgkbslfwv_face.mp4	1
/home/ubuntu/data/faces/videos/atzdjguknk_face.mp4	0
/home/ubuntu/data/faces/videos/qhprjamitv_face.mp4	0
/home/ubuntu/data/faces/videos/jtvkqxsugc_face.mp4	1
/home/ubuntu/data/faces/videos/plihptbblj_face.mp4	0
/home/ubuntu/data/faces/videos/lrqazpfbsg_face.mp4	1
/home/ubuntu/data/faces/videos/zuzurbqxvg_face.mp4	1
/home/ubuntu/data/faces/videos/tpftkaveyq_face.mp4	0
/home/ubuntu/data/faces/videos/htrkeemhkr_face.mp4	0
/home/ubuntu/data/faces/videos/xfrswzqrmn_face.mp4	0
/home/ubuntu/data/faces/videos/noonwrxiwg_face.mp4	0
/home/ubuntu/data/faces/videos/oechyzquzv_face.mp4	1
/home/ubuntu/data/faces/videos/cefzoeryat_face.mp4	0
/home/ubuntu/data/faces/videos/fskjykudzw_face.mp4	0
/home/ubuntu/data/faces/videos/qwdoikpbwm_face.mp4	0
/home/ubuntu/data/faces/videos/dguwaorjmx_face.mp4	1
/home/ubuntu/data/faces/videos/mkxzfysiua_face.mp4	0
/home/ubuntu/data/faces/videos/ucwptrurrn_face.mp4	1
/home/ubuntu/data/faces/videos/hbotpzjkuc_face.mp4	0
/home/ubuntu/data/faces/videos/eznsavfnav_face.mp4	1
/home/ubuntu/data/faces/videos/jicsxmypxm_face.mp4	1
/home/ubuntu/data/faces/videos/wmeblcvpfs_face.mp4	1
/home/ubuntu/data/faces/videos/dmwmhxvlfq_face.mp4	0
/home/ubuntu/data/faces/videos/riugyrgzvl_face.mp4	1
/home/ubuntu/data/faces/videos/wdfyezgwlx_face.mp4	1
/home/ubuntu/data/faces/videos/arccwzfwkm_face.mp4	0
/home/ubuntu/data/faces/videos/smzplltnou_face.mp4	0
/home/ubuntu/data/faces/videos/gppvbusobq_face.mp4	0
/home/ubuntu/data/faces/videos/qmuzoudtvv_face.mp4	1
/home/ubuntu/data/faces/videos/nlhgdyqmpt_face.mp4	1
/home/ubuntu/data/faces/videos/wghuvnmapg_face.mp4	1
/home/ubuntu/data/faces/videos/mugpedpwbl_face.mp4	0
/home/ubuntu/data/faces/videos/wediirbvdv_face.mp4	0
/home/ubuntu/data/faces/videos/twyuptofek_face.mp4	1
/home/ubuntu/data/faces/videos/fratowhttl_face.mp4	0
/home/ubuntu/data/faces/videos/mfkxwgijwn_face.mp4	1
/home/ubuntu/data/faces/videos/icqwawpakt_face.mp4	1
/home/ubuntu/data/faces/videos/qqhigpesbt_face.mp4	1
/home/ubuntu/data/faces/videos/arvqnhhwpm_face.mp4	0
/home/ubuntu/data/faces/videos/psrnjaooiu_face.mp4	1
/home/ubuntu/data/faces/videos/lkvpwhhelv_face.mp4	0
/home/ubuntu/data/faces/videos/iqrafkqzwz_face.mp4	1
/home/ubuntu/data/faces/videos/jytiexqjbl_face.mp4	1
/home/ubuntu/data/faces/videos/yjqxutyyvi_face.mp4	0
/home/ubuntu/data/faces/videos/kgjdzgczjz_face.mp4	1
/home/ubuntu/data/faces/videos/hmnkjimojl_face.mp4	0
/home/ubuntu/data/faces/videos/khhsdtspvv_face.mp4	0
/home/ubuntu/data/faces/videos/imrprfgqaj_face.mp4	0
/home/ubuntu/data/faces/videos/gpuwiicfxo_face.mp4	1
/home/ubuntu/data/faces/videos/xkgduvqzyn_face.mp4	1
/home/ubuntu/data/faces/videos/wwcowbnwms_face.mp4	0
/home/ubuntu/data/faces/videos/caedadzzml_face.mp4	0
/home/ubuntu/data/faces/videos/pcemgkfqgn_face.mp4	0
/home/ubuntu/data/faces/videos/fnlvikrytu_face.mp4	1
/home/ubuntu/data/faces/videos/fllkhvqdtf_face.mp4	1
/home/ubuntu/data/faces/videos/wmyknbnfmk_face.mp4	0
/home/ubuntu/data/faces/videos/swxuyjovld_face.mp4	1
/home/ubuntu/data/faces/videos/sgzdnmbopr_face.mp4	0
/home/ubuntu/data/faces/videos/zqibqemsix_face.mp4	0
/home/ubuntu/data/faces/videos/ciyqhbpbry_face.mp4	0
/home/ubuntu/data/faces/videos/wfmxpuzxwe_face.mp4	0
/home/ubuntu/data/faces/videos/ryowxmsqnk_face.mp4	1
/home/ubuntu/data/faces/videos/jacvxyeeqa_face.mp4	1
/home/ubuntu/data/faces/videos/rdmyllnaxb_face.mp4	0
/home/ubuntu/data/faces/videos/mvplwzoirr_face.mp4	0
/home/ubuntu/data/faces/videos/qrgezzxkzw_face.mp4	1
/home/ubuntu/data/faces/videos/abahildqna_face.mp4	1
/home/ubuntu/data/faces/videos/gdudzbliss_face.mp4	1
/home/ubuntu/data/faces/videos/obxxxpbbsb_face.mp4	0
/home/ubuntu/data/faces/videos/lnwttwttcw_face.mp4	1
/home/ubuntu/data/faces/videos/mfyqcmjhln_face.mp4	0
/home/ubuntu/data/faces/videos/qianzoqvum_face.mp4	0
/home/ubuntu/data/faces/videos/eklsrnkwog_face.mp4	0
/home/ubuntu/data/faces/videos/qnzffjwxxy_face.mp4	0
/home/ubuntu/data/faces/videos/rqnyhvrich_face.mp4	1
/home/ubuntu/data/faces/videos/cxobtfqqqo_face.mp4	0
/home/ubuntu/data/faces/videos/qklvqreuqy_face.mp4	0
/home/ubuntu/data/faces/videos/btsbqigrcq_face.mp4	0
/home/ubuntu/data/faces/videos/huctliifce_face.mp4	1
/home/ubuntu/data/faces/videos/nvjdasvkoe_face.mp4	0
/home/ubuntu/data/faces/videos/kyeewoffli_face.mp4	1
/home/ubuntu/data/faces/videos/aabqyygbaa_face.mp4	0
/home/ubuntu/data/faces/videos/bqruljgfil_face.mp4	0
/home/ubuntu/data/faces/videos/abzdxpmmdb_face.mp4	0
/home/ubuntu/data/faces/videos/fufoogofzn_face.mp4	1
/home/ubuntu/data/faces/videos/cjpjjjnsgz_face.mp4	1
/home/ubuntu/data/faces/videos/gvycszbsqv_face.mp4	0
/home/ubuntu/data/faces/videos/lcmrmtpayq_face.mp4	1
/home/ubuntu/data/faces/videos/rwebpkkopc_face.mp4	1
/home/ubuntu/data/faces/videos/jokemukffb_face.mp4	0
/home/ubuntu/data/faces/videos/bqqnhlcjwm_face.mp4	1
/home/ubuntu/data/faces/videos/nlsmkijbka_face.mp4	1
/home/ubuntu/data/faces/videos/xknliyklhp_face.mp4	1
/home/ubuntu/data/faces/videos/pakeiuucnx_face.mp4	1
/home/ubuntu/data/faces/videos/oiysfgeifc_face.mp4	0
/home/ubuntu/data/faces/videos/mbdjwoaxcq_face.mp4	0
/home/ubuntu/data/faces/videos/tlvronrktg_face.mp4	1
/home/ubuntu/data/faces/videos/mowkdaiums_face.mp4	1
/home/ubuntu/data/faces/videos/vdqsuavbja_face.mp4	1
/home/ubuntu/data/faces/videos/hslupphtel_face.mp4	0
/home/ubuntu/data/faces/videos/eiofpijvxq_face.mp4	0
/home/ubuntu/data/faces/videos/juhpgqxkwl_face.mp4	0
/home/ubuntu/data/faces/videos/fnhtrjggdb_face.mp4	0
/home/ubuntu/data/faces/videos/qkdjcpazpp_face.mp4	1
/home/ubuntu/data/faces/videos/czgnyrrkuq_face.mp4	0
/home/ubuntu/data/faces/videos/mtkmdkxdmg_face.mp4	1
/home/ubuntu/data/faces/videos/jnzthvpxhs_face.mp4	1
/home/ubuntu/data/faces/videos/pennrxudib_face.mp4	1
/home/ubuntu/data/faces/videos/bmkqvrbwal_face.mp4	1
/home/ubuntu/data/faces/videos/stcuuehqbq_face.mp4	0
/home/ubuntu/data/faces/videos/afposymfjh_face.mp4	1
/home/ubuntu/data/faces/videos/dkvedxqgma_face.mp4	1
/home/ubuntu/data/faces/videos/kllhzzcwbh_face.mp4	1
/home/ubuntu/data/faces/videos/ubmrdjftxe_face.mp4	1
/home/ubuntu/data/faces/videos/leurankyic_face.mp4	1
/home/ubuntu/data/faces/videos/ysqvflesvi_face.mp4	1
/home/ubuntu/data/faces/videos/yllyvtyztm_face.mp4	1
/home/ubuntu/data/faces/videos/qogxnjcrcl_face.mp4	1
/home/ubuntu/data/faces/videos/lpxsreixxi_face.mp4	1
/home/ubuntu/data/faces/videos/ozgrnalsrj_face.mp4	0
/home/ubuntu/data/faces/videos/flbgxrzowr_face.mp4	1
/home/ubuntu/data/faces/videos/cjndatpdcy_face.mp4	1
/home/ubuntu/data/faces/videos/yklrylijjp_face.mp4	0
/home/ubuntu/data/faces/videos/tepveovrdk_face.mp4	0
/home/ubuntu/data/faces/videos/pctpdjneks_face.mp4	0
/home/ubuntu/data/faces/videos/ueqbcbqpep_face.mp4	0
/home/ubuntu/data/faces/videos/evjkrjrged_face.mp4	0
/home/ubuntu/data/faces/videos/zgtmiarwtu_face.mp4	1
/home/ubuntu/data/faces/videos/osrpfpubzw_face.mp4	1
/home/ubuntu/data/faces/videos/mdsbvwfcwf_face.mp4	0
/home/ubuntu/data/faces/videos/gondltewba_face.mp4	1
/home/ubuntu/data/faces/videos/vqtpvljpmu_face.mp4	0
/home/ubuntu/data/faces/videos/dhattexrpi_face.mp4	1
/home/ubuntu/data/faces/videos/woytzlcssm_face.mp4	0
/home/ubuntu/data/faces/videos/egcuyhyvsm_face.mp4	0
/home/ubuntu/data/faces/videos/tqpdmcmbcc_face.mp4	1
/home/ubuntu/data/faces/videos/osqruujwxd_face.mp4	0
/home/ubuntu/data/faces/videos/wzzyccdpyf_face.mp4	1
/home/ubuntu/data/faces/videos/kjbjzswdsw_face.mp4	0
/home/ubuntu/data/faces/videos/ychbjvqiju_face.mp4	1
/home/ubuntu/data/faces/videos/ynfgxeqzcv_face.mp4	0
/home/ubuntu/data/faces/videos/bmljrhlhta_face.mp4	0
/home/ubuntu/data/faces/videos/ncoetisvvx_face.mp4	0
/home/ubuntu/data/faces/videos/sngufxuual_face.mp4	1
/home/ubuntu/data/faces/videos/inkxxqwrzi_face.mp4	1
/home/ubuntu/data/faces/videos/hvierltlmq_face.mp4	0
/home/ubuntu/data/faces/videos/zlbmpaujcs_face.mp4	1
/home/ubuntu/data/faces/videos/uyzwtvrpxk_face.mp4	1
/home/ubuntu/data/faces/videos/tbvugeywtg_face.mp4	1
/home/ubuntu/data/faces/videos/mlfbccdtoy_face.mp4	0
/home/ubuntu/data/faces/videos/eitfpxnzwo_face.mp4	0
/home/ubuntu/data/faces/videos/eqgipviesf_face.mp4	0
/home/ubuntu/data/faces/videos/vadrruqshj_face.mp4	1
/home/ubuntu/data/faces/videos/jpjyldcxnl_face.mp4	0
/home/ubuntu/data/faces/videos/iazykudofy_face.mp4	1
/home/ubuntu/data/faces/videos/wwkraoiksx_face.mp4	0
/home/ubuntu/data/faces/videos/svodgmtwsu_face.mp4	1
/home/ubuntu/data/faces/videos/zdgtyxwrnr_face.mp4	1
/home/ubuntu/data/faces/videos/sprtqpixpt_face.mp4	0
/home/ubuntu/data/faces/videos/vgorklvyph_face.mp4	1
/home/ubuntu/data/faces/videos/flvntcpujg_face.mp4	1
/home/ubuntu/data/faces/videos/wbhobkjdfp_face.mp4	0
/home/ubuntu/data/faces/videos/krifcuqyay_face.mp4	0
/home/ubuntu/data/faces/videos/qbkiiitkni_face.mp4	1
/home/ubuntu/data/faces/videos/gyexknytsf_face.mp4	1
/home/ubuntu/data/faces/videos/nufqxmyffp_face.mp4	0
/home/ubuntu/data/faces/videos/vdgnalptbi_face.mp4	1
/home/ubuntu/data/faces/videos/ftwkdcwsvc_face.mp4	1
/home/ubuntu/data/faces/videos/zmtbjdustm_face.mp4	1
/home/ubuntu/data/faces/videos/ttxuegkaew_face.mp4	0
/home/ubuntu/data/faces/videos/qziphesclu_face.mp4	0
/home/ubuntu/data/faces/videos/ilvmgunkie_face.mp4	0
/home/ubuntu/data/faces/videos/bbkwwrlwpb_face.mp4	0
/home/ubuntu/data/faces/videos/zwrulgwqve_face.mp4	0
/home/ubuntu/data/faces/videos/eomzovujcy_face.mp4	1
/home/ubuntu/data/faces/videos/cczcxkrrnj_face.mp4	0
/home/ubuntu/data/faces/videos/ibyevudtta_face.mp4	1
/home/ubuntu/data/faces/videos/wlqxyshgal_face.mp4	1
/home/ubuntu/data/faces/videos/xhsramepav_face.mp4	0
/home/ubuntu/data/faces/videos/awrjjgpfok_face.mp4	1
/home/ubuntu/data/faces/videos/zwxefbpfee_face.mp4	0
/home/ubuntu/data/faces/videos/uzakyofajs_face.mp4	1
/home/ubuntu/data/faces/videos/byahwgvhmf_face.mp4	0
/home/ubuntu/data/faces/videos/uvxbqscnab_face.mp4	0
/home/ubuntu/data/faces/videos/wmxljnrvkp_face.mp4	1
/home/ubuntu/data/faces/videos/cisfilzzrp_face.mp4	1
/home/ubuntu/data/faces/videos/imtmwlmlpf_face.mp4	1
/home/ubuntu/data/faces/videos/ckphdgvojq_face.mp4	1
/home/ubuntu/data/faces/videos/vrzrdizpin_face.mp4	1
/home/ubuntu/data/faces/videos/sezrfrlzcq_face.mp4	1
/home/ubuntu/data/faces/videos/xkblnsntnr_face.mp4	0
/home/ubuntu/data/faces/videos/jlzckbmrbw_face.mp4	0
/home/ubuntu/data/faces/videos/omodwoqqhv_face.mp4	0
/home/ubuntu/data/faces/videos/azlybpzqln_face.mp4	0
/home/ubuntu/data/faces/videos/mrzqtewocv_face.mp4	1
/home/ubuntu/data/faces/videos/ixypsvvkfv_face.mp4	0
/home/ubuntu/data/faces/videos/lthydkbysa_face.mp4	1
/home/ubuntu/data/faces/videos/zmciyeiebe_face.mp4	1
/home/ubuntu/data/faces/videos/wrgmiidjnt_face.mp4	1
/home/ubuntu/data/faces/videos/zixatyddzp_face.mp4	1
/home/ubuntu/data/faces/videos/emflfadjyb_face.mp4	0
/home/ubuntu/data/faces/videos/jlpzyrhwik_face.mp4	0
/home/ubuntu/data/faces/videos/ssgitjfqku_face.mp4	1
/home/ubuntu/data/faces/videos/rewagripxi_face.mp4	0
/home/ubuntu/data/faces/videos/rlhxvxvnqg_face.mp4	1
/home/ubuntu/data/faces/videos/nbeumorawg_face.mp4	1
/home/ubuntu/data/faces/videos/cmbcebohin_face.mp4	1
/home/ubuntu/data/faces/videos/ookknankar_face.mp4	0
/home/ubuntu/data/faces/videos/uqkwkynmlu_face.mp4	1
/home/ubuntu/data/faces/videos/gefwxtpjiz_face.mp4	0
/home/ubuntu/data/faces/videos/stftfbmdgu_face.mp4	0
/home/ubuntu/data/faces/videos/rumxbqgmld_face.mp4	0
/home/ubuntu/data/faces/videos/yczykxxoqc_face.mp4	1
/home/ubuntu/data/faces/videos/rlzaurucfj_face.mp4	0
/home/ubuntu/data/faces/videos/gxafhatuxj_face.mp4	1
/home/ubuntu/data/faces/videos/sirhlngcew_face.mp4	0
/home/ubuntu/data/faces/videos/suijwzeikj_face.mp4	1
/home/ubuntu/data/faces/videos/teehidqtii_face.mp4	0
/home/ubuntu/data/faces/videos/dhcyqigcio_face.mp4	1
/home/ubuntu/data/faces/videos/quckfgtghv_face.mp4	0
/home/ubuntu/data/faces/videos/sitvymbvfh_face.mp4	0
/home/ubuntu/data/faces/videos/akbezffrjx_face.mp4	1
/home/ubuntu/data/faces/videos/clbyiyqits_face.mp4	0
/home/ubuntu/data/faces/videos/figflgncsf_face.mp4	1
/home/ubuntu/data/faces/videos/qqbjxjzefk_face.mp4	1
/home/ubuntu/data/faces/videos/jmpumaauyh_face.mp4	1
/home/ubuntu/data/faces/videos/xpunzwycxm_face.mp4	0
/home/ubuntu/data/faces/videos/ljqmnxxpzt_face.mp4	1
/home/ubuntu/data/faces/videos/lznqagzwyk_face.mp4	0
/home/ubuntu/data/faces/videos/akxvfiuusn_face.mp4	1
/home/ubuntu/data/faces/videos/imjoieseuw_face.mp4	1
/home/ubuntu/data/faces/videos/vqqwbdyxhp_face.mp4	1
/home/ubuntu/data/faces/videos/tvuuzwiaor_face.mp4	1
/home/ubuntu/data/faces/videos/chmgkgvsyp_face.mp4	1
/home/ubuntu/data/faces/videos/uembubqfms_face.mp4	1
/home/ubuntu/data/faces/videos/fjwfpdibhh_face.mp4	0
/home/ubuntu/data/faces/videos/pbfeaioghf_face.mp4	0
/home/ubuntu/data/faces/videos/lkajvpbztr_face.mp4	0
/home/ubuntu/data/faces/videos/hynowuipao_face.mp4	1
/home/ubuntu/data/faces/videos/dwxdhsacsk_face.mp4	1
/home/ubuntu/data/faces/videos/wlurvqspwf_face.mp4	0
/home/ubuntu/data/faces/videos/wdzefhhcwt_face.mp4	0
/home/ubuntu/data/faces/videos/offktoxbmq_face.mp4	0
/home/ubuntu/data/faces/videos/fsywibkykv_face.mp4	0
/home/ubuntu/data/faces/videos/kfykpvnplm_face.mp4	1
/home/ubuntu/data/faces/videos/sssnifqueh_face.mp4	1
/home/ubuntu/data/faces/videos/mppjpwwcom_face.mp4	0
/home/ubuntu/data/faces/videos/axnkkwaotc_face.mp4	1
/home/ubuntu/data/faces/videos/taqnnsyxip_face.mp4	1
/home/ubuntu/data/faces/videos/epphrlkqhp_face.mp4	0
/home/ubuntu/data/faces/videos/xzcexrifxq_face.mp4	0
/home/ubuntu/data/faces/videos/rnghnfgpci_face.mp4	1
/home/ubuntu/data/faces/videos/moyyrcmnfx_face.mp4	1
/home/ubuntu/data/faces/videos/rgxaccnokf_face.mp4	1
/home/ubuntu/data/faces/videos/dogenbgabh_face.mp4	0
/home/ubuntu/data/faces/videos/igptebbdgv_face.mp4	1
/home/ubuntu/data/faces/videos/heunzildxt_face.mp4	1
/home/ubuntu/data/faces/videos/ubarhvreoj_face.mp4	0
/home/ubuntu/data/faces/videos/xfenokyrkn_face.mp4	1
/home/ubuntu/data/faces/videos/aljzaalpym_face.mp4	0
/home/ubuntu/data/faces/videos/odkogezzuo_face.mp4	1
/home/ubuntu/data/faces/videos/kipsisnlxc_face.mp4	1
/home/ubuntu/data/faces/videos/yhbumrqlhw_face.mp4	0
/home/ubuntu/data/faces/videos/apttmhpmps_face.mp4	0
/home/ubuntu/data/faces/videos/gllczllsbr_face.mp4	1
/home/ubuntu/data/faces/videos/sptefjlzud_face.mp4	0
/home/ubuntu/data/faces/videos/jnltojrecm_face.mp4	1
/home/ubuntu/data/faces/videos/dihuyqyqps_face.mp4	0
/home/ubuntu/data/faces/videos/bcqeebkqwp_face.mp4	1
/home/ubuntu/data/faces/videos/ufgethuzey_face.mp4	1
/home/ubuntu/data/faces/videos/qvjlnrjfgg_face.mp4	1
/home/ubuntu/data/faces/videos/ytspqkjgnc_face.mp4	1
/home/ubuntu/data/faces/videos/tsqnshpqga_face.mp4	0
/home/ubuntu/data/faces/videos/ggznlcjsce_face.mp4	0
/home/ubuntu/data/faces/videos/oulrneyosa_face.mp4	1
/home/ubuntu/data/faces/videos/kaojqcodsu_face.mp4	1
/home/ubuntu/data/faces/videos/hlzkuryxas_face.mp4	1
/home/ubuntu/data/faces/videos/xarfrtqenk_face.mp4	0
/home/ubuntu/data/faces/videos/gmkfzogjlj_face.mp4	0
/home/ubuntu/data/faces/videos/trpofaspmo_face.mp4	0
/home/ubuntu/data/faces/videos/bgqnopotbe_face.mp4	0
/home/ubuntu/data/faces/videos/ncvlimnpqv_face.mp4	0
/home/ubuntu/data/faces/videos/ljvbgkmuss_face.mp4	1
/home/ubuntu/data/faces/videos/ugjufkwtrc_face.mp4	0
/home/ubuntu/data/faces/videos/ifvpemzpuf_face.mp4	0
/home/ubuntu/data/faces/videos/xyklkuuumr_face.mp4	0
/home/ubuntu/data/faces/videos/uotxnsybqe_face.mp4	0
/home/ubuntu/data/faces/videos/uvgqoqxyhy_face.mp4	1
/home/ubuntu/data/faces/videos/zldzgyuxam_face.mp4	0
/home/ubuntu/data/faces/videos/cbfbxgvcpd_face.mp4	1
/home/ubuntu/data/faces/videos/bgxvtdyush_face.mp4	1
/home/ubuntu/data/faces/videos/vzbmegnnnp_face.mp4	1
/home/ubuntu/data/faces/videos/ecahafxewo_face.mp4	1
/home/ubuntu/data/faces/videos/nxisgwjymu_face.mp4	0
/home/ubuntu/data/faces/videos/sgyukghvrh_face.mp4	1
/home/ubuntu/data/faces/videos/uxrjifrkkk_face.mp4	1
/home/ubuntu/data/faces/videos/ydbnctieuk_face.mp4	0
/home/ubuntu/data/faces/videos/deuqmhwoco_face.mp4	0
/home/ubuntu/data/faces/videos/pqwphkegdg_face.mp4	1
/home/ubuntu/data/faces/videos/ounsrmikkd_face.mp4	1
/home/ubuntu/data/faces/videos/zmwizwimgb_face.mp4	1
/home/ubuntu/data/faces/videos/osxjcahnfz_face.mp4	1
/home/ubuntu/data/faces/videos/dzezotgbhf_face.mp4	1
/home/ubuntu/data/faces/videos/qtpmdvwqhh_face.mp4	0
/home/ubuntu/data/faces/videos/bnhejkbtyq_face.mp4	0
/home/ubuntu/data/faces/videos/mbobymsxyq_face.mp4	1
/home/ubuntu/data/faces/videos/elzknnwtud_face.mp4	1
/home/ubuntu/data/faces/videos/igzvunospk_face.mp4	0
/home/ubuntu/data/faces/videos/geuludgtjj_face.mp4	1
/home/ubuntu/data/faces/videos/koowljkerd_face.mp4	0
/home/ubuntu/data/faces/videos/wswmgmtfnc_face.mp4	1
/home/ubuntu/data/faces/videos/nuolfdjuan_face.mp4	1
/home/ubuntu/data/faces/videos/aeeigmpocb_face.mp4	0
/home/ubuntu/data/faces/videos/xqfvnauoid_face.mp4	0
/home/ubuntu/data/faces/videos/yvgnaxkajm_face.mp4	0
/home/ubuntu/data/faces/videos/osnuxyotnv_face.mp4	0
/home/ubuntu/data/faces/videos/asvheijspx_face.mp4	0
/home/ubuntu/data/faces/videos/czzfgvkhah_face.mp4	0
/home/ubuntu/data/faces/videos/pqptjbjykf_face.mp4	1
/home/ubuntu/data/faces/videos/fsqteuqfqj_face.mp4	0
/home/ubuntu/data/faces/videos/hkscfgzwyo_face.mp4	1
/home/ubuntu/data/faces/videos/vjfljqjqiu_face.mp4	1
/home/ubuntu/data/faces/videos/nywoptxkwu_face.mp4	0
/home/ubuntu/data/faces/videos/chqosjqjus_face.mp4	0
/home/ubuntu/data/faces/videos/iyzfltopuo_face.mp4	1
/home/ubuntu/data/faces/videos/irbixkoiqa_face.mp4	1
/home/ubuntu/data/faces/videos/mnocmfylmg_face.mp4	1
/home/ubuntu/data/faces/videos/qqtpfeutmo_face.mp4	1
/home/ubuntu/data/faces/videos/qnxyrntvsj_face.mp4	0
/home/ubuntu/data/faces/videos/qrvrwipzgv_face.mp4	1
/home/ubuntu/data/faces/videos/wojudxwtqn_face.mp4	1
/home/ubuntu/data/faces/videos/tkoyswvpjj_face.mp4	0
/home/ubuntu/data/faces/videos/nkfxfvglzp_face.mp4	0
/home/ubuntu/data/faces/videos/hbnnovfcln_face.mp4	1
/home/ubuntu/data/faces/videos/vilsbcjqhf_face.mp4	1
/home/ubuntu/data/faces/videos/sdftowxcrd_face.mp4	1
/home/ubuntu/data/faces/videos/fvcnftvtjv_face.mp4	0
/home/ubuntu/data/faces/videos/qgtniqqpzf_face.mp4	0
/home/ubuntu/data/faces/videos/fmztdticln_face.mp4	0
/home/ubuntu/data/faces/videos/qsrahhgpky_face.mp4	1
/home/ubuntu/data/faces/videos/utxsqzcrbt_face.mp4	0
/home/ubuntu/data/faces/videos/ihwwpkzcdn_face.mp4	0
/home/ubuntu/data/faces/videos/iavxqeuuxa_face.mp4	0
/home/ubuntu/data/faces/videos/yusjuhoblj_face.mp4	0
/home/ubuntu/data/faces/videos/dpilxkugfs_face.mp4	0
/home/ubuntu/data/faces/videos/prbizkjaze_face.mp4	0
/home/ubuntu/data/faces/videos/wbvfgpprzr_face.mp4	1
/home/ubuntu/data/faces/videos/knbbxhbbav_face.mp4	1
/home/ubuntu/data/faces/videos/shehvyhzsd_face.mp4	0
/home/ubuntu/data/faces/videos/mfkwvfaujm_face.mp4	1
/home/ubuntu/data/faces/videos/nnqcyporze_face.mp4	1
/home/ubuntu/data/faces/videos/haqfqjdcup_face.mp4	1
/home/ubuntu/data/faces/videos/ehtmhdbslm_face.mp4	0
/home/ubuntu/data/faces/videos/rymnlezplu_face.mp4	1
/home/ubuntu/data/faces/videos/aizcvzaxcj_face.mp4	0
/home/ubuntu/data/faces/videos/iofoynuaqe_face.mp4	0
/home/ubuntu/data/faces/videos/gpuvjjknrl_face.mp4	1
/home/ubuntu/data/faces/videos/rmgyrtrhso_face.mp4	0
/home/ubuntu/data/faces/videos/agjhckhukv_face.mp4	1
/home/ubuntu/data/faces/videos/ktrkpmnnlg_face.mp4	0
/home/ubuntu/data/faces/videos/mmtguxjmhz_face.mp4	1
/home/ubuntu/data/faces/videos/vpiqmvxclb_face.mp4	0
/home/ubuntu/data/faces/videos/nvdzhsjkda_face.mp4	0
/home/ubuntu/data/faces/videos/nmusooihlb_face.mp4	0
/home/ubuntu/data/faces/videos/wjbzupwcge_face.mp4	0
/home/ubuntu/data/faces/videos/atnmhtfbyx_face.mp4	1
/home/ubuntu/data/faces/videos/odniyoaktc_face.mp4	1
/home/ubuntu/data/faces/videos/geezrhjaml_face.mp4	0
/home/ubuntu/data/faces/videos/xttwbloiwj_face.mp4	0
/home/ubuntu/data/faces/videos/iubklilvdl_face.mp4	0
/home/ubuntu/data/faces/videos/dypzaguael_face.mp4	1
/home/ubuntu/data/faces/videos/iloqoarohp_face.mp4	0
/home/ubuntu/data/faces/videos/mufpuntnvc_face.mp4	1
/home/ubuntu/data/faces/videos/jxohrnekha_face.mp4	1
/home/ubuntu/data/faces/videos/wtjxirptnm_face.mp4	0
/home/ubuntu/data/faces/videos/sppyyoqaey_face.mp4	0
/home/ubuntu/data/faces/videos/fnwnfnrbte_face.mp4	0
/home/ubuntu/data/faces/videos/fivdmorlbt_face.mp4	0
/home/ubuntu/data/faces/videos/anikhdvdzo_face.mp4	0
/home/ubuntu/data/faces/videos/rocmxliauc_face.mp4	0
/home/ubuntu/data/faces/videos/ecafszsdek_face.mp4	1
/home/ubuntu/data/faces/videos/iwrclnpqoc_face.mp4	0
/home/ubuntu/data/faces/videos/rsalptpmrc_face.mp4	0
/home/ubuntu/data/faces/videos/mijdrainqd_face.mp4	1
/home/ubuntu/data/faces/videos/phscbtdjyy_face.mp4	1
/home/ubuntu/data/faces/videos/epvatldhpl_face.mp4	1
/home/ubuntu/data/faces/videos/bnpkjsorco_face.mp4	0
/home/ubuntu/data/faces/videos/ybxwuujmot_face.mp4	1
/home/ubuntu/data/faces/videos/frgbhpkdyf_face.mp4	1
/home/ubuntu/data/faces/videos/fzbftmubit_face.mp4	1
/home/ubuntu/data/faces/videos/wbvjhwxgfk_face.mp4	0
/home/ubuntu/data/faces/videos/whogoapjje_face.mp4	1
/home/ubuntu/data/faces/videos/sjfnwkiqin_face.mp4	0
/home/ubuntu/data/faces/videos/ptchnzeeqc_face.mp4	0
/home/ubuntu/data/faces/videos/lhglvsajka_face.mp4	0
/home/ubuntu/data/faces/videos/mgqlxlnize_face.mp4	0
/home/ubuntu/data/faces/videos/wgnujygkzy_face.mp4	0
/home/ubuntu/data/faces/videos/suenouugfr_face.mp4	0
/home/ubuntu/data/faces/videos/tqvdelijls_face.mp4	0
/home/ubuntu/data/faces/videos/jqiyrrspsj_face.mp4	0
/home/ubuntu/data/faces/videos/wjxmmjmchv_face.mp4	0
/home/ubuntu/data/faces/videos/zhmaznszye_face.mp4	0
/home/ubuntu/data/faces/videos/trlpaebjir_face.mp4	1
/home/ubuntu/data/faces/videos/tgniuovpll_face.mp4	1
/home/ubuntu/data/faces/videos/jkxrjgnksq_face.mp4	0
/home/ubuntu/data/faces/videos/jlvqrgqhpw_face.mp4	0
/home/ubuntu/data/faces/videos/pxohsvuaxb_face.mp4	1
/home/ubuntu/data/faces/videos/viiltedtog_face.mp4	0
/home/ubuntu/data/faces/videos/qeydkmdzam_face.mp4	1
/home/ubuntu/data/faces/videos/wrjwqnwiss_face.mp4	0
/home/ubuntu/data/faces/videos/pawudloqxi_face.mp4	1
/home/ubuntu/data/faces/videos/rfvmtpuvps_face.mp4	0
/home/ubuntu/data/faces/videos/vmktcesfcg_face.mp4	0
/home/ubuntu/data/faces/videos/gyvdcrkyya_face.mp4	1
/home/ubuntu/data/faces/videos/icybqyznrg_face.mp4	1
/home/ubuntu/data/faces/videos/zaesbuygqy_face.mp4	1
/home/ubuntu/data/faces/videos/lpgsypeasg_face.mp4	1
/home/ubuntu/data/faces/videos/tumdyfzmjg_face.mp4	1
/home/ubuntu/data/faces/videos/ofpugszjdt_face.mp4	0
/home/ubuntu/data/faces/videos/wdleuwxqbi_face.mp4	1
/home/ubuntu/data/faces/videos/rjkyhxocmm_face.mp4	1
/home/ubuntu/data/faces/videos/ryuzxqvtdd_face.mp4	1
/home/ubuntu/data/faces/videos/fblpvqwcev_face.mp4	1
/home/ubuntu/data/faces/videos/vrzpxnryrm_face.mp4	0
/home/ubuntu/data/faces/videos/otumyuuzkl_face.mp4	0
/home/ubuntu/data/faces/videos/ddlsxsesbx_face.mp4	1
/home/ubuntu/data/faces/videos/faevxxupes_face.mp4	0
/home/ubuntu/data/faces/videos/ufiwltnbqn_face.mp4	0
/home/ubuntu/data/faces/videos/quaggmpylh_face.mp4	1
/home/ubuntu/data/faces/videos/ljtkjhntue_face.mp4	0
/home/ubuntu/data/faces/videos/dpuucddzsr_face.mp4	1
/home/ubuntu/data/faces/videos/lkbpavasad_face.mp4	0
/home/ubuntu/data/faces/videos/nmbvilqkig_face.mp4	1
/home/ubuntu/data/faces/videos/puadtimaph_face.mp4	1
/home/ubuntu/data/faces/videos/rtrnpctaug_face.mp4	0
/home/ubuntu/data/faces/videos/dykljokhdg_face.mp4	0
/home/ubuntu/data/faces/videos/wmatrirlng_face.mp4	0
/home/ubuntu/data/faces/videos/flbrvohbvv_face.mp4	0
/home/ubuntu/data/faces/videos/rlgejwkiea_face.mp4	1
/home/ubuntu/data/faces/videos/kepnpratvf_face.mp4	0
/home/ubuntu/data/faces/videos/ghutxxwjrs_face.mp4	0
/home/ubuntu/data/faces/videos/ggpxsyidcv_face.mp4	0
/home/ubuntu/data/faces/videos/jjgcpugjwy_face.mp4	0
/home/ubuntu/data/faces/videos/wyzycuhqwx_face.mp4	1
/home/ubuntu/data/faces/videos/rexmjwkuwd_face.mp4	1
/home/ubuntu/data/faces/videos/kqsuzvvkxa_face.mp4	1
/home/ubuntu/data/faces/videos/tuysjkbime_face.mp4	1
/home/ubuntu/data/faces/videos/tbhtlnrbut_face.mp4	0
/home/ubuntu/data/faces/videos/bzzcuuntfd_face.mp4	0
/home/ubuntu/data/faces/videos/lzcfvpedir_face.mp4	1
/home/ubuntu/data/faces/videos/bmjbamtqwn_face.mp4	0
/home/ubuntu/data/faces/videos/jiwlonxohi_face.mp4	0
/home/ubuntu/data/faces/videos/wtbtcunklv_face.mp4	0
/home/ubuntu/data/faces/videos/tznkzweueh_face.mp4	0
/home/ubuntu/data/faces/videos/ailmasxkxb_face.mp4	0
/home/ubuntu/data/faces/videos/vjgfrjkawv_face.mp4	1
/home/ubuntu/data/faces/videos/heyhatzzxk_face.mp4	1
/home/ubuntu/data/faces/videos/fimhhyetym_face.mp4	0
/home/ubuntu/data/faces/videos/wohvbuzeib_face.mp4	1
/home/ubuntu/data/faces/videos/wiwdeadthn_face.mp4	1
/home/ubuntu/data/faces/videos/fntpvkeksp_face.mp4	0
/home/ubuntu/data/faces/videos/uiiiophjmf_face.mp4	0
/home/ubuntu/data/faces/videos/tgxqaixsic_face.mp4	1
/home/ubuntu/data/faces/videos/smynsdcrki_face.mp4	1
/home/ubuntu/data/faces/videos/rplxcgcmaq_face.mp4	0
/home/ubuntu/data/faces/videos/lmwjelxszz_face.mp4	1
/home/ubuntu/data/faces/videos/jhyfxihnws_face.mp4	0
/home/ubuntu/data/faces/videos/bltrrevthi_face.mp4	0
/home/ubuntu/data/faces/videos/ybeqdosyeu_face.mp4	0
/home/ubuntu/data/faces/videos/mzjxrbywbv_face.mp4	1
/home/ubuntu/data/faces/videos/oxwfgxmggc_face.mp4	1
/home/ubuntu/data/faces/videos/flfdxtiiku_face.mp4	1
/home/ubuntu/data/faces/videos/cerdtgydan_face.mp4	0
/home/ubuntu/data/faces/videos/kmigcpmqoq_face.mp4	0
/home/ubuntu/data/faces/videos/atwzoszrue_face.mp4	1
/home/ubuntu/data/faces/videos/ppkifjyqjm_face.mp4	1
/home/ubuntu/data/faces/videos/qpduehyfqj_face.mp4	1
/home/ubuntu/data/faces/videos/nbrbwqrwnb_face.mp4	0
/home/ubuntu/data/faces/videos/spgzovqysj_face.mp4	0
/home/ubuntu/data/faces/videos/eqpyroujfd_face.mp4	1
/home/ubuntu/data/faces/videos/kxvowszzuo_face.mp4	0
/home/ubuntu/data/faces/videos/qythavtvdw_face.mp4	1
/home/ubuntu/data/faces/videos/bbwrqfawrj_face.mp4	0
/home/ubuntu/data/faces/videos/csfwgdpzym_face.mp4	0
/home/ubuntu/data/faces/videos/xdgdhejxes_face.mp4	1
/home/ubuntu/data/faces/videos/vwbjiaczia_face.mp4	1
/home/ubuntu/data/faces/videos/wqtpgcfjlu_face.mp4	0
/home/ubuntu/data/faces/videos/wwqptmclnt_face.mp4	0
/home/ubuntu/data/faces/videos/zsivxhdjsd_face.mp4	1
/home/ubuntu/data/faces/videos/sdrafirfss_face.mp4	1
/home/ubuntu/data/faces/videos/hkoasochve_face.mp4	1
/home/ubuntu/data/faces/videos/deyvsvafuy_face.mp4	0
/home/ubuntu/data/faces/videos/ncmtepztza_face.mp4	0
/home/ubuntu/data/faces/videos/dwowalvgfk_face.mp4	1
/home/ubuntu/data/faces/videos/slbnzmdydv_face.mp4	1
/home/ubuntu/data/faces/videos/cwimepqnxq_face.mp4	1
/home/ubuntu/data/faces/videos/siwmglrdle_face.mp4	0
/home/ubuntu/data/faces/videos/rgbdumupgz_face.mp4	1
/home/ubuntu/data/faces/videos/wesfjdkwfn_face.mp4	1
/home/ubuntu/data/faces/videos/cekuytiohq_face.mp4	1
/home/ubuntu/data/faces/videos/hmnspetjoc_face.mp4	0
/home/ubuntu/data/faces/videos/yynszivwba_face.mp4	1
/home/ubuntu/data/faces/videos/csomiogcwu_face.mp4	0
/home/ubuntu/data/faces/videos/lfiyoyymnn_face.mp4	0
/home/ubuntu/data/faces/videos/tohrqjyter_face.mp4	0
/home/ubuntu/data/faces/videos/hblkonvlyq_face.mp4	1
/home/ubuntu/data/faces/videos/xsgmwwbeib_face.mp4	0
/home/ubuntu/data/faces/videos/emsnbjdsve_face.mp4	1
/home/ubuntu/data/faces/videos/bxtaeanoyr_face.mp4	1
/home/ubuntu/data/faces/videos/bpzmcgorle_face.mp4	1
